code_original,code,enquete,num_question,cat_reponse,year,label,type,format,text_de,text_fr,text_it,text_ro,text_en
GSB23_Q99,GSB23_Q99,GSB23,Q99,,2023,In welchem Kanton liegt Ihre Gemeinde?,continuous,numeric-40.0,In welchem Kanton liegt Ihre Gemeinde?,Dans quel canton se trouve votre municipalité?,In quale cantono si trova la vostra municipalità?,Translation not available for the moment,In which canton is your municipality located?
GSB23_Q100,GSB23_Q100,GSB23,Q100,,2023,"In welcher Gemeinde sind Sie tätig? (falls Sie Ihre Gemeinde nicht finden, wählen Sie ""andere Gemeinde"") - Gemeinde",continuous,numeric-40.0,"In welcher Gemeinde sind Sie tätig? (falls Sie Ihre Gemeinde nicht finden, wählen Sie ""andere Gemeinde"") - Gemeinde","Dans quelle municipalité êtes-vous actif? (si vous ne pouvez pas trouver votre municipalité, choisissez « autre municipalité ») - Municipalité","In quale municipalità siete attivi? (se non trovate la vostra municipalità, scegliete ""altra municipalità"") - Municipalità",Translation not available for the moment,"In which municipality are you active? (if you cannot find your municipality, choose ""other municipality"") - Municipality"
GSB23_Q101,GSB23_Q101,GSB23,Q101,,2023,"Falls Sie Ihre Gemeinde nicht gefunden haben, geben Sie hier bitte den Namen Ihrer Gemeinde und den Kanton an.",discrete,character-200,"Falls Sie Ihre Gemeinde nicht gefunden haben, geben Sie hier bitte den Namen Ihrer Gemeinde und den Kanton an.","Si vous n'avez pas trouvé votre municipalité, veuillez entrer ici le nom de votre municipalité et le canton.","Se non avete trovato la vostra municipalità, inserite qui il nome della vostra municipalità e del canton.",Translation not available for the moment,"If you have not found your municipality, please enter here the name of your municipality and the canton."
GSB23_Q10,GSB23_Q10,GSB23,Q10,,2023,"1. Gemeinden können in unterschiedlichem Masse von bestimmten gesellschaftlichen Herausforderungen
betroffen sein. Bitte geben Sie uns an, ob und in welchem Ausmass Ihre Gemeinde davon betroffen ist. - COVID-19",continuous,numeric-40.0,"Gemeinden können in unterschiedlichem Masse von bestimmten gesellschaftlichen Herausforderungen
betroffen sein. Bitte geben Sie uns an, ob und in welchem Ausmass Ihre Gemeinde davon betroffen ist. - COVID-19",Les collectivités peuvent être touchées par certains défis sociaux à des degrés différents. Veuillez nous dire si et dans quelle mesure votre collectivité est touchée. - COVID-19,Le comunità possono essere influenzate da certi problemi sociali a livelli diversi. Diteci se e fino a che punto la vostra comunità è influenzata. - COVID-19,Translation not available for the moment,Communities may be affected by certain societal challenges to varying degrees. Please tell us whether and to what extent your community is affected. - COVID-19
GSB23_Q4,GSB23_Q4,GSB23,Q4,,2023,4. Wie hat sich der Steuerfuss 2023 (die Steueranlage) Ihrer Gemeinde im Vergleich zum Jahr 2017 verändert?,continuous,numeric-40.0,Wie hat sich der Steuerfuss 2023 (die Steueranlage) Ihrer Gemeinde im Vergleich zum Jahr 2017 verändert?,Comment a-t-on changé la base fiscale de votre municipalité en 2023 (le système fiscal) par rapport à 2017?,Come è cambiata la base fiscale nel 2023 (il sistema fiscale) della vostra municipalità rispetto al 2017?,Translation not available for the moment,How has the tax base in 2023 (the tax system) of your municipality changed compared to 2017?
GSB23_Q5,GSB23_Q5,GSB23,Q5,,2023,"5. Wie hat sich der reale Ertrag aus der Einkommens- und Vermögenssteuer (natürliche und juristische Personen) in Ihrer Gemeinde seit 2017 verändert
(ohne Berücksichtigung all- fälliger Aufgabenteilungs- verschiebungen)?",continuous,numeric-40.0,"Wie hat sich der reale Ertrag aus der Einkommens- und Vermögenssteuer (natürliche und juristische Personen) in Ihrer Gemeinde seit 2017 verändert
(ohne Berücksichtigung all- fälliger Aufgabenteilungs- verschiebungen)?",Comment le revenu réel de l'impôt sur le revenu et la taxe foncière (personnes physiques et morales) dans votre municipalité a-t-il changé depuis 2017 (sans tenir compte de la répartition des tâches)?,Come è cambiato il reddito reale dalla tassazione del reddito e della proprietà (persone naturali e legali) nella vostra municipalità dal 2017 (non tenendo conto di tutte le divisioni di compiti)?,Translation not available for the moment,How has the actual income from income and property tax (natural and legal persons) in your municipality changed since 2017 (without taking into account all due division of tasks)?
GSB23_Q6,GSB23_Q6,GSB23,Q6,,2023,"6. Wie hat sich die Nettoverschuldung in Ihrer Gemeinde seit 2017
verändert?",continuous,numeric-40.0,"Wie hat sich die Nettoverschuldung in Ihrer Gemeinde seit 2017
verändert?",Comment la dette nette de votre collectivité a-t-elle changé depuis 2017?,Come è cambiato il debito netto nella vostra comunità dal 2017?,Translation not available for the moment,How has the net debt in your community changed since 2017?
GSB23_Q7,GSB23_Q7,GSB23,Q7,,2023,7. Wie steht Ihre Gemeinde im kantonalen Finanzausgleich?,continuous,numeric-40.0,Wie steht Ihre Gemeinde im kantonalen Finanzausgleich?,Quelle est la position de votre municipalité en matière d'indemnisation financière cantonale?,Come si presenta la vostra municipalità nella compensazione finanziaria cantonale?,Translation not available for the moment,How does your municipality stand in cantonal financial compensation?
GSB23_Q8,GSB23_Q8,GSB23,Q8,,2023,"8. Wie gross ist der Anteil der
Finanzausgleichszahlungen an den Gesamteinnahmen der Gemeinde?",continuous,numeric-40.0,"Wie gross ist der Anteil der
Finanzausgleichszahlungen an den Gesamteinnahmen der Gemeinde?",Quelle est la part des indemnités financières dans le revenu total de la municipalité?,Quanto è grande la percentuale dei pagamenti di compensazione finanziaria nel reddito totale della municipalità?,Translation not available for the moment,How large is the share of the financial compensation payments in the total income of the municipality?
GSB23_Q9,GSB23_Q9,GSB23,Q9,,2023,9. Wie gross ist der Anteil der Steuereinnahmen an den Gesamteinnahmen der Gemeinde?,continuous,numeric-40.0,Wie gross ist der Anteil der Steuereinnahmen an den Gesamteinnahmen der Gemeinde?,Quelle est la part des recettes fiscales dans les recettes totales de la municipalité?,Quanto è grande la percentuale dei ricavi fiscali nel totale dei ricavi della municipalità?,Translation not available for the moment,How large is the share of tax revenues in the total revenues of the municipality?
GSB23_Q10,GSB23_Q10,GSB23,Q10,,2023,10. Wie behauptet sich Ihre Gemeinde im Standortwettbewerb?,continuous,numeric-40.0,Wie behauptet sich Ihre Gemeinde im Standortwettbewerb?,Comment votre municipalité se distingue-t-elle dans la compétition locale?,Come si distingue la vostra municipalità nella competizione locale?,Translation not available for the moment,How does your municipality stand out in the local competition?
GSB23_Q11,GSB23_Q11,GSB23,Q11,,2023,11. Wie beurteilen Sie die Standortattraktivität Ihrer Gemeinde?,continuous,numeric-40.0,Wie beurteilen Sie die Standortattraktivität Ihrer Gemeinde?,Comment évaluez-vous l'attrait de la localisation de votre collectivité?,Come valutate l'attrattività ambientale della vostra comunità?,Translation not available for the moment,How do you assess the location attractiveness of your community?
GSB23_Q17,GSB23_Q17,GSB23,Q17,,2023,"17. Bitte geben Sie an, inwieweit die Zusammenarbeit mit
Beratern erfolgreich oder weniger erfolgreich war bzw. die ursprüngliche Zielsetzung erreicht werden konnte. - Zusammenarbeit",continuous,numeric-40.0,"Bitte geben Sie an, inwieweit die Zusammenarbeit mit
Beratern erfolgreich oder weniger erfolgreich war bzw. die ursprüngliche Zielsetzung erreicht werden konnte. - Zusammenarbeit",Veuillez indiquer dans quelle mesure la coopération avec les consultants a été fructueuse ou moins fructueuse ou l'objectif initial a été atteint. - Coopération,Indicate in quale misura la cooperazione con i consulenti ha avuto successo o meno successo o l'obiettivo originale è stato raggiunto. - Cooperazione,Translation not available for the moment,Please indicate to what extent the cooperation with consultants was successful or less successful or the original objective was achieved. - Cooperation
GSB23_Q20,GSB23_Q20,GSB23,Q20,,2023,20. Wurde seit dem 1.1.2017 über eine Fusion mit einer oder mehreren Nachbargemeinden diskutiert?,continuous,numeric-40.0,Wurde seit dem 1.1.2017 über eine Fusion mit einer oder mehreren Nachbargemeinden diskutiert?,Une fusion avec une ou plusieurs communautés voisines a-t-elle été discutée depuis le 1.1.2017?,Una fusione con una o più comunità vicine è stata discussa dal 1.1.2017?,Translation not available for the moment,Has a merger with one or more neighbouring communities been discussed since 1.1.2017?
GSB23_Q21,GSB23_Q21,GSB23,Q21,,2023,21. Besteht/bestand seit dem 1.1.2017 ein konkretes Fusionsprojekt?,continuous,numeric-40.0,Besteht/bestand seit dem 1.1.2017 ein konkretes Fusionsprojekt?,Y a-t-il un projet spécifique de fusion en place depuis le 1.1.2017?,C'è un progetto di fusione specifico in corso dal 1.1.2017?,Translation not available for the moment,Is there a specific merger project in place since 1.1.2017?
GSB23_Q22,GSB23_Q22,GSB23,Q22,,2023,22. Welche Rolle soll der Kanton im Zusammenhang mit Gemeindefusionen übernehmen? (nur eine Antwort),continuous,numeric-40.0,Welche Rolle soll der Kanton im Zusammenhang mit Gemeindefusionen übernehmen? (nur eine Antwort),Quel rôle devrait jouer le Canton en ce qui concerne les fusions communautaires? (seulement une réponse),Che ruolo dovrebbe avere il Canton nei confronti delle fusioni comuni? (solo una risposta),Translation not available for the moment,What role should the Canton play in connection with community mergers? (only one answer)
GSB23_Q24,GSB23_Q24,GSB23,Q24,,2023,24. Wie gross beurteilen Sie die Autonomie Ihrer Gemeinde gegenüber Bund und Kanton? - Gemeindeautonomie,continuous,numeric-40.0,Wie gross beurteilen Sie die Autonomie Ihrer Gemeinde gegenüber Bund und Kanton? - Gemeindeautonomie,Dans quelle mesure jugez-vous l'autonomie de votre municipalité vis-à-vis des gouvernements fédéral et cantonal? - Autonomie municipale,Quanto giudicate l'autonomia della vostra municipalità rispetto ai governi federali e cantonali? - Autonomia municipale,Translation not available for the moment,How large do you judge the autonomy of your municipality vis-à-vis the federal and cantonal governments? - Municipal autonomy
GSB23_Q26,GSB23_Q26,GSB23,Q26,,2023,26. Hat die Autonomie Ihrer Gemeinde in den letzten 10 Jahren eher zu- oder eher abgenommen?,continuous,numeric-40.0,Hat die Autonomie Ihrer Gemeinde in den letzten 10 Jahren eher zu- oder eher abgenommen?,L'autonomie de votre communauté a-t-elle diminué plus ou moins au cours des 10 dernières années?,L'autonomia della vostra comunità è diminuita più o meno negli ultimi 10 anni?,Translation not available for the moment,Has the autonomy of your community decreased more or less in the last 10 years?
GSB23_Q27,GSB23_Q27,GSB23,Q27,,2023,27. Wie gestaltet sich aus Sicht Ihrer Gemeinde die Zusammenarbeit mit dem Kanton?,continuous,numeric-40.0,Wie gestaltet sich aus Sicht Ihrer Gemeinde die Zusammenarbeit mit dem Kanton?,Quelle est la vision de votre communauté de la coopération avec le Canton?,Come vede la vostra comunità la cooperazione con il Canton?,Translation not available for the moment,How does your community view cooperation with the Canton?
GSB23_Q30,GSB23_Q30,GSB23,Q30,,2023,"30. Wie beurteilen Sie
ganz allgemein das Interesse der Bevölkerung Ihrer Gemeinde an der Gemeindepolitik? - Interesse an Gemeindepolitik",continuous,numeric-40.0,"Wie beurteilen Sie
ganz allgemein das Interesse der Bevölkerung Ihrer Gemeinde an der Gemeindepolitik? - Interesse an Gemeindepolitik",Comment évaluez-vous généralement l'intérêt de la population de votre municipalité pour la politique communautaire? - L'intérêt pour la politique communautaire,Come si valuta in generale l'interesse della popolazione della vostra municipalità alla politica comunitaria? -interesse alla politica comunitaria,Translation not available for the moment,How do you generally assess the interest of the population of your municipality in community policy? - Interest in community policy
GSB23_Q31,GSB23_Q31,GSB23,Q31,,2023,"31. Wie beurteilen die Einwohner/-innen - alles in Allem - die Art und Weise, wie die Demokratie in Ihrer Gemeinde funktioniert?
- Funktionieren der Demokratie",continuous,numeric-40.0,"Wie beurteilen die Einwohner/-innen - alles in Allem - die Art und Weise, wie die Demokratie in Ihrer Gemeinde funktioniert?
- Funktionieren der Demokratie",Comment évaluent les habitants - en tout état de cause - la manière dont la démocratie fonctionne dans votre collectivité? - La démocratie fonctionnelle,"Come gli abitanti, in generale, valutano il modo in cui funziona la democrazia nella vostra comunità? - La democrazia funzionante",Translation not available for the moment,How do the inhabitants - all in all - assess the way in which democracy works in your community? - Functioning democracy
GSB23_Q32,GSB23_Q32,GSB23,Q32,,2023,32. Wie beurteilen die Einwohner/-innen das Leistungsangebot Ihrer Gemeinde? - Leistungsangebot,continuous,numeric-40.0,Wie beurteilen die Einwohner/-innen das Leistungsangebot Ihrer Gemeinde? - Leistungsangebot,Comment les habitants évaluent-ils les services offerts par votre municipalité? - Services,Come i residenti valutano i servizi offerti dalla vostra municipalità? - Services,Translation not available for the moment,How do the inhabitants assess the services offered by your municipality? - Services
GSB23_Q33,GSB23_Q33,GSB23,Q33,,2023,"33. Wie beurteilen die Einwohner/-innen die Infrastruktur Ihrer Gemeinde? -
Gemeindeinfrastruktur",continuous,numeric-40.0,"Wie beurteilen die Einwohner/-innen die Infrastruktur Ihrer Gemeinde? -
Gemeindeinfrastruktur",Comment les habitants évaluent-ils l'infrastructure de votre municipalité? - Infrastructure municipale,Come valutano gli abitanti l'infrastruttura della vostra municipalità? - Infrastruttura municipale,Translation not available for the moment,How do the inhabitants assess the infrastructure of your municipality? - Municipal infrastructure
GSB23_Q34,GSB23_Q34,GSB23,Q34,,2023,"34. Gibt es in Ihrer Gemeinde organisierte lokale Parteien oder andere politische Gruppierungen, die Kandidierende aufstellen?",continuous,numeric-40.0,"Gibt es in Ihrer Gemeinde organisierte lokale Parteien oder andere politische Gruppierungen, die Kandidierende aufstellen?",Y a-t-il des partis locaux ou d'autres groupes politiques organisés dans votre municipalité qui désignent des candidats?,Ci sono partiti locali o altri gruppi politici organizzati nella vostra municipalità che nominano candidati?,Translation not available for the moment,Are there local parties or other political groups organised in your municipality that nominate candidates?
GSB23_Q38,GSB23_Q38,GSB23,Q38,,2023,38. Wie schwierig gestaltet sich in Ihrer Gemeinde die Suche nach genügend qualifizierten Kandidaten/- innen für vakante Ämter der Gemeindeexekutive?,continuous,numeric-40.0,Wie schwierig gestaltet sich in Ihrer Gemeinde die Suche nach genügend qualifizierten Kandidaten/- innen für vakante Ämter der Gemeindeexekutive?,"Dans votre collectivité, comment est-il difficile de trouver suffisamment de candidats qualifiés/- à l'interne pour des postes vacants au sein de l'administration municipale?",Quanto è difficile nella vostra comunità trovare abbastanza candidati qualificati/in casa per i posti vacanti nell'esecutivo municipale?,Translation not available for the moment,How difficult is it in your community to find sufficient qualified candidates/- in-house for vacant offices in the municipal executive?
GSB23_Q39,GSB23_Q39,GSB23,Q39,,2023,39. Nach welchem Wahlverfahren wird die Gemeindeexekutive gewählt?,continuous,numeric-40.0,Nach welchem Wahlverfahren wird die Gemeindeexekutive gewählt?,Après quelle procédure électorale est-il élu?,Dopo quale procedura é eletto il dirigente municipale?,Translation not available for the moment,After what election procedure is the municipal executive elected?
GSB23_Q41,GSB23_Q41,GSB23,Q41,,2023,"41. Wie hoch ist die jährliche Entschädigung für die gesamte Gemeindeexekutive (ehren-, teil- und vollzeitlich) inklusive Sitzungsgelder und Spesen? - Franken/Jahr",continuous,numeric-40.2,"Wie hoch ist die jährliche Entschädigung für die gesamte Gemeindeexekutive (ehren-, teil- und vollzeitlich) inklusive Sitzungsgelder und Spesen? - Franken/Jahr","Quelle est la rémunération annuelle de l'ensemble de la direction municipale (héréditaire, à temps partiel et à temps plein), y compris les frais de réunion et les dépenses? - francs/an","Quanto è la compensazione annuale per l'intera dirigente municipale (ereditaria, part-time e a tempo pieno), incluso i costi e le spese per le riunioni? - franci/anno",Translation not available for the moment,"How much is the annual compensation for the entire municipal executive (hereditary, part-time and full-time) including meeting fees and expenses? - francs/year"
GSB23_Q43,GSB23_Q43,GSB23,Q43,,2023,43. Wo werden die Exekutivmitglieder gewählt?,continuous,numeric-40.0,Wo werden die Exekutivmitglieder gewählt?,Où sont élus les membres exécutifs?,Dove sono eletti i membri dirigenti?,Translation not available for the moment,Where are the executive members elected?
GSB23_Q45,GSB23_Q45,GSB23,Q45,,2023,45. Gibt es in Ihrer Gemeinde...,continuous,numeric-40.0,Gibt es in Ihrer Gemeinde...,Est-ce que dans votre communauté...,C'è nella vostra comunità...,Translation not available for the moment,Is there in your community...
GSB23_Q46,GSB23_Q46,GSB23,Q46,,2023,46. Wie viele Stimmberechtigte nehmen durchschnittlich an der Gemeindeversammlung teil? (Anzahl) - rund .... Stimmberechtigte,continuous,numeric-40.2,Wie viele Stimmberechtigte nehmen durchschnittlich an der Gemeindeversammlung teil? (Anzahl) - rund .... Stimmberechtigte,Combien d'électeurs admissibles participent en moyenne à l'assemblée municipale? (Numéro) - environ....,Quanti elettori qualificati partecipano in media all'assemblea municipale? (Numero) - circa....,Translation not available for the moment,How many eligible voters take part in the municipal assembly on average? (Number) - around....
GSB23_Q49,GSB23_Q49,GSB23,Q49,,2023,49. Wie hat sich der Personalbestand (nach Stellenprozent) in den letzten 10 Jahren verändert?,continuous,numeric-40.0,Wie hat sich der Personalbestand (nach Stellenprozent) in den letzten 10 Jahren verändert?,Comment la dotation (en pourcentage) a-t-elle changé au cours des 10 dernières années?,Come è cambiata la dotazione (percentage) negli ultimi 10 anni?,Translation not available for the moment,How has the staffing (percentage) changed over the last 10 years?
GSB23_Q50,GSB23_Q50,GSB23,Q50,,2023,50. Wie ist die Gemeindeexekutive Ihrer Gemeinde organisiert?,continuous,numeric-40.0,Wie ist die Gemeindeexekutive Ihrer Gemeinde organisiert?,Comment l'administrateur communautaire de votre collectivité est-il organisé?,Come si organizza il dirigente della comunità della vostra comunità?,Translation not available for the moment,How is the community executive of your community organised?
GSB23_Q52,GSB23_Q52,GSB23,Q52,,2023,"52. Arbeitet der/die Gemeindepräsident/-in aktiv in der Verwaltung mit, d.h. erledigt er/sie auch administrative Tätigkeiten ähnlich wie Verwaltungsmitarbeitende?",continuous,numeric-40.0,"Arbeitet der/die Gemeindepräsident/-in aktiv in der Verwaltung mit, d.h. erledigt er/sie auch administrative Tätigkeiten ähnlich wie Verwaltungsmitarbeitende?","Le maire participe-t-il activement à l'administration, c'est-à-dire qu'il exerce-t-il également des activités administratives similaires au personnel administratif?","Il sindaco partecipa attivamente all'amministrazione, cioè fa anche attività amministrative simili al personale amministrativo?",Translation not available for the moment,"Does the mayor actively participate in the administration, i.e. does he/she also carry out administrative activities similar to administrative staff?"
GSB23_Q54,GSB23_Q54,GSB23,Q54,,2023,54. Gibt es in der Gemeindeverwaltung Massnahmen zur Förderung der Zusammenarbeit zwischen den Ressorts resp. Departementen?,continuous,numeric-40.0,Gibt es in der Gemeindeverwaltung Massnahmen zur Förderung der Zusammenarbeit zwischen den Ressorts resp. Departementen?,Y a-t-il des mesures prises par l'administration municipale pour promouvoir la coopération entre les ministères?,Ci sono misure nell'amministrazione municipale per promuovere la cooperazione tra i dipartimenti?,Translation not available for the moment,Are there measures in the municipal administration to promote cooperation between the departments?
GSB23_Q55,GSB23_Q55,GSB23,Q55,,2023,55. Wer ist für die operative Leitung der Gemeindeverwaltung zuständig?,continuous,numeric-40.0,Wer ist für die operative Leitung der Gemeindeverwaltung zuständig?,Qui est responsable de la gestion opérationnelle de l'administration municipale?,Chi è responsabile della gestione operativa dell'amministrazione municipale?,Translation not available for the moment,Who is responsible for the operational management of the municipal administration?
GSB23_Q56,GSB23_Q56,GSB23,Q56,,2023,56. Wie lange sind Sie schon als Gemeindeschreiber/-in in dieser Gemeinde tätig? (Anzahl Jahre),continuous,numeric-40.0,Wie lange sind Sie schon als Gemeindeschreiber/-in in dieser Gemeinde tätig? (Anzahl Jahre),Depuis combien de temps travaillez-vous comme écrivain communautaire dans cette communauté? (Nombre d'années),Quanto tempo avete lavorato come scrittore comunitario in questa comunità? (Numero di anni),Translation not available for the moment,How long have you been working as a community writer in this community? (Number of years)
GSB23_Q58,GSB23_Q58,GSB23,Q58,,2023,58. Welches ist Ihre höchste abgeschlossene Ausbildung?,continuous,numeric-40.0,Welches ist Ihre höchste abgeschlossene Ausbildung?,Quelle est votre scolarité la plus élevée?,Qual è il vostro livello di istruzione più alto?,Translation not available for the moment,What is your highest completed education?
GSB23_Q61,GSB23_Q61,GSB23,Q61,,2023,"61. Sind Sie in der Gemeinde, in der Sie arbeiten, wohnhaft?",continuous,numeric-40.0,"Sind Sie in der Gemeinde, in der Sie arbeiten, wohnhaft?",Vous habitez-vous dans la communauté où vous travaillez?,Vivete nella comunità dove lavorate?,Translation not available for the moment,Are you living in the community where you work?
GSB23_Q62,GSB23_Q62,GSB23,Q62,,2023,62. Sind Sie auch in anderen Gemeinden beschäftigt?,continuous,numeric-40.0,Sind Sie auch in anderen Gemeinden beschäftigt?,Êtes-vous également employé dans d'autres collectivités?,Siete anche impiegati in altre comunità?,Translation not available for the moment,Are you also employed in other communities?
GSB23_Q63,GSB23_Q63,GSB23,Q63,,2023,"63. Wurden Sie gewählt
oder angestellt?",continuous,numeric-40.0,"Wurden Sie gewählt
oder angestellt?",Avez-vous été élu ou employé?,Sei stato eletto o assunto?,Translation not available for the moment,Have you been elected or employed?
GSB23_Q64,GSB23_Q64,GSB23,Q64,,2023,64. Stehen Sie einer bestimmten Partei nahe?,continuous,numeric-40.0,Stehen Sie einer bestimmten Partei nahe?,Êtes-vous proche d'une certaine fête?,Siete vicini ad una particolare festa?,Translation not available for the moment,Are you close to a particular party?
GSB23_Q1_1,GSB23_Q1_1,GSB23,Q1,1,2023,"1. Gemeinden können in unterschiedlichem Masse von bestimmten gesellschaftlichen Herausforderungen
betroffen sein. Bitte geben Sie uns an, ob und in welchem Ausmass Ihre Gemeinde davon betroffen ist. - Überalterung",continuous,numeric-40.0,"Gemeinden können in unterschiedlichem Masse von bestimmten gesellschaftlichen Herausforderungen
betroffen sein. Bitte geben Sie uns an, ob und in welchem Ausmass Ihre Gemeinde davon betroffen ist. - Überalterung",Les collectivités peuvent être touchées par certains défis sociaux à des degrés différents. Veuillez nous dire si et dans quelle mesure votre collectivité est touchée.,"Le comunità possono essere influenzate da certi problemi sociali a livelli diversi. Per favore, diteci se e in che misura la vostra comunità è influenzata. - Invecchiamento",Translation not available for the moment,Communities may be affected by certain societal challenges to varying degrees. Please tell us whether and to what extent your community is affected. - Ageing
GSB23_Q2_1,GSB23_Q2_1,GSB23,Q2,1,2023,2. Sind in Ihrer Gemeinde Leistungsgrenzen (LG) sichtbar? - Unterstützung und Betreuung älterer Personen,continuous,numeric-40.0,Sind in Ihrer Gemeinde Leistungsgrenzen (LG) sichtbar? - Unterstützung und Betreuung älterer Personen,Les limites de rendement (LG) sont-elles visibles dans votre collectivité? - Soutien et soins aux personnes âgées,Sono visibili i limiti di performance (LG) nella vostra comunità? - Sostenere e curare le persone anziane,Translation not available for the moment,Are performance limits (LG) visible in your community? - Support and care for elderly people
GSB23_Q3_1,GSB23_Q3_1,GSB23,Q3,1,2023,"3. Welche Dienstleistungen und Leistungen werden in Ihrer Gemeinde vollständig elektronisch, teilweise elektronisch, nicht elektronisch oder gar nicht angeboten? - Rechnungen",continuous,numeric-40.0,"Welche Dienstleistungen und Leistungen werden in Ihrer Gemeinde vollständig elektronisch, teilweise elektronisch, nicht elektronisch oder gar nicht angeboten? - Rechnungen","Quels services et services sont offerts dans votre municipalité entièrement électroniquement, en partie électroniquement, non électroniquement ou pas du tout? - factures","Quali servizi e servizi sono offerti nella vostra municipalità in modo completamente elettronico, in parte elettronico, non elettronico o in nessun modo? - Invoi",Translation not available for the moment,"What services and services are offered in your municipality completely electronically, partly electronically, not electronically or not at all? - Invoices"
GSB23_Q12_1,GSB23_Q12_1,GSB23,Q12,1,2023,"12. Welche der folgenden Instrumente nutzen Sie
in Ihrer Gemeinde? - strategische Planung",continuous,numeric-40.0,"Welche der folgenden Instrumente nutzen Sie
in Ihrer Gemeinde? - strategische Planung",Quels des outils suivants utilisez-vous dans votre collectivité? - planification stratégique,Che strumenti usate nella vostra comunità? - pianificazione strategica,Translation not available for the moment,Which of the following tools do you use in your community? - strategic planning
GSB23_Q13_1,GSB23_Q13_1,GSB23,Q13,1,2023,13. Haben Sie in den vergangenen 5 Jahren eine der folgenden Reformen durchgeführt? - Verkleinerung der Gemeindeexekutive,continuous,numeric-40.0,Haben Sie in den vergangenen 5 Jahren eine der folgenden Reformen durchgeführt? - Verkleinerung der Gemeindeexekutive,"Au cours des cinq dernières années, avez-vous mené l'une des réformes suivantes? - Réduction des cadres municipaux",Avete realizzato una delle following riforme negli ultimi 5 anni? - Riduczione dei dirigenti municipali,Translation not available for the moment,Have you carried out any of the following reforms in the past 5 years? - Reduction of municipal executives
GSB23_Q14_1,GSB23_Q14_1,GSB23,Q14,1,2023,"14. Nahm Ihre Gemeinde für bestimmte Fragestellungen Leistungen von Beratungsunternehmen,
Forschungsinstituten oder anderen Experten in Anspruch? (mehrere
Antworten möglich) ja, vor mehr als fünf Jahren",continuous,numeric-40.0,"Nahm Ihre Gemeinde für bestimmte Fragestellungen Leistungen von Beratungsunternehmen,
Forschungsinstituten oder anderen Experten in Anspruch? (mehrere
Antworten möglich) ja, vor mehr als fünf Jahren","A proximité de votre collectivité pour certaines questions services d'entreprises de conseil, d'instituts de recherche ou d'autres experts en besoin? (plus de réponses possibles) oui, il y a plus de cinq ans","A portata di mano la vostra comunità per alcune domande servizi da aziende di consulenza, instituti di ricerca o altri esperti in difficoltà? (ci sono più risposte possibili) sì, più di cinque anni fa",Translation not available for the moment,"Near your community for certain questions services from consulting companies, research institutes or other experts in need? (more answers possible) yes, more than five years ago"
GSB23_Q15_1,GSB23_Q15_1,GSB23,Q15,1,2023,15. Mit welcher Art von Beratungsunternehmen hat Ihre Gemeinde zusammengearbeitet? (mehrere Antworten möglich) private Beratungsunternehmen,continuous,numeric-40.0,Mit welcher Art von Beratungsunternehmen hat Ihre Gemeinde zusammengearbeitet? (mehrere Antworten möglich) private Beratungsunternehmen,Quelles sont les sociétés de conseil avec lesquelles votre communauté a travaillé? (plus de réponses possibles) sociétés de conseil privées,Con quale tipo di società di consulenza ha lavorato la vostra comunità? (ne sono state trovate più risposte) società di consulenza private,Translation not available for the moment,What kind of consulting firms did your community work with? (more answers possible) private consulting firms
GSB23_Q16_1,GSB23_Q16_1,GSB23,Q16,1,2023,16. Für welche Aufgaben hat Ihre Gemeinde externe Unterstützung in Anspruch genommen? (mehrere Antworten möglich) Erstellen eines Leitbildes,continuous,numeric-40.0,Für welche Aufgaben hat Ihre Gemeinde externe Unterstützung in Anspruch genommen? (mehrere Antworten möglich) Erstellen eines Leitbildes,Pour quelles tâches votre communauté a-t-elle utilisé un soutien externe? (plus de réponses possibles) Créer une ligne directrice,Per quali compiti la vostra comunità ha usato il supporto esterno? (ci sono più risposte possibili) Creare una guida,Translation not available for the moment,For what tasks has your community used external support? (more answers possible) Create a guideline
GSB23_Q18_1,GSB23_Q18_1,GSB23,Q18,1,2023,"18. Erbringen Sie die nachfolgenden Aufgaben in Eigenerstellung,
in interkommunaler Zusammenarbeit (IKZ) oder mit privaten Anbietern?
- Unterstützung und Betreuung älterer Personen",continuous,numeric-40.0,"Erbringen Sie die nachfolgenden Aufgaben in Eigenerstellung,
in interkommunaler Zusammenarbeit (IKZ) oder mit privaten Anbietern?
- Unterstützung und Betreuung älterer Personen","Vous exécutez-vous les tâches suivantes dans le cadre de l'auto-développement, de la coopération intercommunautaire (IKZ) ou avec des fournisseurs privés? - Soutien et soins aux personnes âgées","Conseguite le following tasks in self-development, in intercommunal cooperation (IKZ) or with private provider? - Support and care for older persons",Translation not available for the moment,"Do you carry out the following tasks in self-development, in intercommunal cooperation (IKZ) or with private providers? - Support and care for older persons"
GSB23_Q19_1,GSB23_Q19_1,GSB23,Q19,1,2023,"19. Wie haben sich in den letzten 5 Jahren in Ihrer Gemeinde folgende Formen der
Aufgabenerfüllung ver- ändert? - Eigenerstellung",continuous,numeric-40.0,"Wie haben sich in den letzten 5 Jahren in Ihrer Gemeinde folgende Formen der
Aufgabenerfüllung ver- ändert? - Eigenerstellung",Comment les formes suivantes d'exécution des fonctions ont-elles changé dans votre collectivité au cours des cinq dernières années? - Établissement,Come sono cambiate le following forms of performance of duties in la vostra comunità negli ultimi 5 anni? - istituzione,Translation not available for the moment,How have the following forms of performance of duties changed in your community over the last 5 years? - Establishment
GSB23_Q21_1,GSB23_Q21_1,GSB23,Q21,1,2023,21a. Wann war die Fusion? (Jahr),continuous,numeric-40.0,21a. Wann war die Fusion? (Jahr),21a. Quand la fusion a-t-elle eu lieu? (Année),21a. Quando è stata la fusione?,Translation not available for the moment,21a. When was the merger? (Year)
GSB23_Q23_1,GSB23_Q23_1,GSB23,Q23,1,2023,"23. Beurteilen Sie (denkbare) Auswirkungen einer Gemeindefusion -
leichtere Rekrutierung von Kandidaten/-innen für politische Ämter vs. schwierigere Rekrutierung von Kandidaten/-innen",continuous,numeric-40.0,"Beurteilen Sie (denkbare) Auswirkungen einer Gemeindefusion -
leichtere Rekrutierung von Kandidaten/-innen für politische Ämter vs. schwierigere Rekrutierung von Kandidaten/-innen",Évaluer les effets (concevables) de la fusion communautaire - recrutement plus facile des candidats aux postes politiques par rapport au recrutement plus difficile des candidats,Evaluare gli effetti (pensabili) della fusione comunitaria - più facile reclutamento di candidati per i posti politici rispetto a più difficile reclutamento di candidati.,Translation not available for the moment,Evaluate (thinkable) effects of community fusion - easier recruitment of candidates for political offices vs. more difficult recruitment of candidates
GSB23_Q25_1,GSB23_Q25_1,GSB23,Q25,1,2023,25. Wie gross beurteilen Sie die Autonomie Ihrer Gemeinde in folgenden Bereichen? - Finanzen,continuous,numeric-40.0,Wie gross beurteilen Sie die Autonomie Ihrer Gemeinde in folgenden Bereichen? - Finanzen,Quelle est votre appréciation de l'autonomie de votre collectivité dans les domaines suivants? - Finances,Quanto valutate l'autonomia della vostra comunità nelle following areas? - Finanzi,Translation not available for the moment,How much do you rate the autonomy of your community in the following areas? - Finance
"GSB23_Q35_1
_10","GSB23_Q35_1
_10",GSB23,Q35,"1
_10",2023,"35. Welche der folgenden politischen Parteien und politischen Gruppierungen, die sich mit Kandidierenden an den Wahlen beteiligten, sind in Ihrer Gemeinde organisiert? - GLP",continuous,numeric-40.0,"Welche der folgenden politischen Parteien und politischen Gruppierungen, die sich mit Kandidierenden an den Wahlen beteiligten, sind in Ihrer Gemeinde organisiert? - GLP",Quels des partis et groupes politiques suivants ont participé aux élections avec des candidats sont organisés dans votre municipalité? - GLP,Quali dei partiti e dei gruppi politici che hanno partecipato con i candidati alle elezioni sono organizzati nella vostra municipalità? - GLP,Translation not available for the moment,Which of the following political parties and political groups participated with candidates in the elections are organised in your municipality? - GLP
"GSB23_Q35_1
_11","GSB23_Q35_1
_11",GSB23,Q35,"1
_11",2023,"35. Welche der folgenden politischen Parteien und politischen Gruppierungen, die sich mit Kandidierenden an den Wahlen beteiligten,
sind in Ihrer Gemeinde organisiert? - GPS",continuous,numeric-40.0,"Welche der folgenden politischen Parteien und politischen Gruppierungen, die sich mit Kandidierenden an den Wahlen beteiligten,
sind in Ihrer Gemeinde organisiert? - GPS",Quels des partis et groupes politiques suivants ont participé aux élections avec des candidats sont organisés dans votre municipalité? - GPS,Quali dei partiti e dei gruppi politici che hanno partecipato con i candidati alle elezioni sono organizzati nella vostra municipalità? - GPS,Translation not available for the moment,Which of the following political parties and political groups participated with candidates in the elections are organized in your municipality? - GPS
"GSB23_Q35_1
_12","GSB23_Q35_1
_12",GSB23,Q35,"1
_12",2023,"35. Welche der folgenden politischen Parteien und politischen Gruppierungen, die sich mit Kandidierenden an den Wahlen beteiligten, sind in Ihrer Gemeinde organisiert? - Lega",continuous,numeric-40.0,"Welche der folgenden politischen Parteien und politischen Gruppierungen, die sich mit Kandidierenden an den Wahlen beteiligten, sind in Ihrer Gemeinde organisiert? - Lega",Quels des partis et groupes politiques suivants ont participé aux élections avec des candidats sont organisés dans votre municipalité? - Lega,Quali dei partiti e dei gruppi politici che hanno partecipato con i candidati alle elezioni sono organizzati nella vostra municipalità? - Lega,Translation not available for the moment,Which of the following political parties and political groups participated with candidates in the elections are organized in your municipality? - Lega
"GSB23_Q35_1
_13","GSB23_Q35_1
_13",GSB23,Q35,"1
_13",2023,"35. Welche der folgenden politischen Parteien und politischen Gruppierungen, die sich mit Kandidierenden an den Wahlen beteiligten, sind in Ihrer Gemeinde organisiert? - andere Parteien",continuous,numeric-40.0,"Welche der folgenden politischen Parteien und politischen Gruppierungen, die sich mit Kandidierenden an den Wahlen beteiligten, sind in Ihrer Gemeinde organisiert? - andere Parteien",Quels des partis et groupes politiques suivants ont participé aux élections avec des candidats sont organisés dans votre municipalité? - autres partis,Quali dei partiti e dei gruppi politici che hanno partecipato con i candidati alle elezioni sono organizzati nella vostra municipalità? - altri partiti,Translation not available for the moment,Which of the following political parties and political groups participated with candidates in the elections are organized in your municipality? - other parties
"GSB23_Q35_1
_14","GSB23_Q35_1
_14",GSB23,Q35,"1
_14",2023,"35. Welche der folgenden politischen Parteien und politischen Gruppierungen, die sich mit Kandidierenden an den Wahlen beteiligten, sind in Ihrer Gemeinde organisiert? - Orts- und Gemeindevereine",continuous,numeric-40.0,"Welche der folgenden politischen Parteien und politischen Gruppierungen, die sich mit Kandidierenden an den Wahlen beteiligten, sind in Ihrer Gemeinde organisiert? - Orts- und Gemeindevereine",Quels des partis et groupes politiques suivants ont participé aux élections avec des candidats sont organisés dans votre municipalité? - Associations locales et communautaires,Quali dei partiti e dei gruppi politici che hanno partecipato con i candidati alle elezioni sono organizzati nella vostra municipalità? - Local and Community Associations,Translation not available for the moment,Which of the following political parties and political groups participated with candidates in the elections are organised in your municipality? - Local and Community Associations
"GSB23_Q35_1
_15","GSB23_Q35_1
_15",GSB23,Q35,"1
_15",2023,"35. Welche der folgenden politischen Parteien und politischen Gruppierungen, die sich mit Kandidierenden an den Wahlen beteiligten, sind in Ihrer Gemeinde organisiert? - Wählervereinigungen",continuous,numeric-40.0,"Welche der folgenden politischen Parteien und politischen Gruppierungen, die sich mit Kandidierenden an den Wahlen beteiligten, sind in Ihrer Gemeinde organisiert? - Wählervereinigungen",Quels des partis et groupes politiques suivants ont participé aux élections avec des candidats sont organisés dans votre municipalité? - Associations électorales,Quali dei partiti e dei gruppi politici che hanno partecipato con i candidati alle elezioni sono organizzati nella vostra municipalità? - Le associazioni dei votanti,Translation not available for the moment,Which of the following political parties and political groups participated with candidates in the elections are organised in your municipality? - Voter associations
"GSB23_Q35_1
_16","GSB23_Q35_1
_16",GSB23,Q35,"1
_16",2023,"35. Welche der folgenden politischen Parteien und politischen Gruppierungen, die sich mit Kandidierenden an den Wahlen beteiligten, sind in Ihrer Gemeinde organisiert? - grün- alternative Gruppierungen",continuous,numeric-40.0,"Welche der folgenden politischen Parteien und politischen Gruppierungen, die sich mit Kandidierenden an den Wahlen beteiligten, sind in Ihrer Gemeinde organisiert? - grün- alternative Gruppierungen",Quels des partis et groupes politiques suivants ont participé aux élections avec des candidats sont organisés dans votre municipalité? - Green alternative groups,Quali dei partiti e dei gruppi politici che hanno partecipato con i candidati alle elezioni sono organizzati nella vostra municipalità? - green alternative groups,Translation not available for the moment,Which of the following political parties and political groups participated with candidates in the elections are organised in your municipality? - green alternative groups
"GSB23_Q35_1
_17","GSB23_Q35_1
_17",GSB23,Q35,"1
_17",2023,"35. Welche der folgenden politischen Parteien und politischen Gruppierungen, die sich mit Kandidierenden an den Wahlen beteiligten, sind in Ihrer Gemeinde organisiert? - andere politische Gruppierungen",continuous,numeric-40.0,"Welche der folgenden politischen Parteien und politischen Gruppierungen, die sich mit Kandidierenden an den Wahlen beteiligten, sind in Ihrer Gemeinde organisiert? - andere politische Gruppierungen",Quels des partis et groupes politiques suivants ont participé aux élections avec des candidats sont organisés dans votre municipalité? - autres groupes politiques,Quali dei partiti e dei gruppi politici che hanno partecipato con i candidati alle elezioni sono organizzati nella vostra municipalità? - altri gruppi politici,Translation not available for the moment,Which of the following political parties and political groups participated with candidates in the elections are organized in your municipality? - other political groups
GSB23_Q36_1,GSB23_Q36_1,GSB23,Q36,1,2023,"36. Wie gross war die Wahlbeteiligung in Ihrer Gemeinde bei den letzten… (in Prozent) - ...Wahlen der
Gemeindeexekutive?",continuous,numeric-40.2,"Wie gross war die Wahlbeteiligung in Ihrer Gemeinde bei den letzten… (in Prozent) - ...Wahlen der
Gemeindeexekutive?",Quelle a été la participation dans votre municipalité au dernier... (en pourcentage) -...élection de la direction municipale?,Quanto era grande la partecipazione nella vostra municipalità all'ultima... (in percentuale) -...elezione del dirigente municipale?,Translation not available for the moment,How large was the turnout in your municipality at the last... (in percent) -...elections of the municipal executive?
"GSB23_Q44_1
_10_1","GSB23_Q44_1
_10_1",GSB23,Q44,"1
_10_1",2023,44. Wie setzt sich die Gemeindeexekutive (inkl. Präsidenten/-in) am 1.1.2023 parteimässig zusammen? - Gemeindeexekutive ohne Präsident/-in - GLP - Männer,continuous,numeric-40.0,Wie setzt sich die Gemeindeexekutive (inkl. Präsidenten/-in) am 1.1.2023 parteimässig zusammen? - Gemeindeexekutive ohne Präsident/-in - GLP - Männer,Comment sont partiellement constitués les administrateurs municipaux (y compris les présidents) le 1.1.2023? - Administrateurs municipaux sans présidents - GLP - Hommes,Come sono i dirigenti municipali (incluendo i presidenti) partialmente costituiti il 1.1.2023? - dirigenti municipali senza presidenti - GLP - uomini,Translation not available for the moment,How are the municipal executives (including presidents) partially constituted on 1.1.2023? - Municipal executives without presidents - GLP - Men
"GSB23_Q44_1
_10_2","GSB23_Q44_1
_10_2",GSB23,Q44,"1
_10_2",2023,44. Wie setzt sich die Gemeindeexekutive (inkl. Präsidenten/-in) am 1.1.2023 parteimässig zusammen? - Gemeindeexekutive ohne Präsident/-in - GLP - Frauen,continuous,numeric-40.0,Wie setzt sich die Gemeindeexekutive (inkl. Präsidenten/-in) am 1.1.2023 parteimässig zusammen? - Gemeindeexekutive ohne Präsident/-in - GLP - Frauen,Comment les cadres municipaux (y compris les présidents) sont-ils partiellement constitués le 1.1.2023? - Les cadres municipaux sans présidents - GLP - Femmes,Come sono partialmente eletti i dirigenti municipali (incluendo i presidenti) dal 1.1.2023? - I dirigenti municipali senza presidenti - GLP - Le donne,Translation not available for the moment,How are the municipal executives (including presidents) partially constituted on 1.1.2023? - Municipal executives without presidents - GLP - Women
"GSB23_Q44_1
_11_1","GSB23_Q44_1
_11_1",GSB23,Q44,"1
_11_1",2023,44. Wie setzt sich die Gemeindeexekutive (inkl. Präsidenten/-in) am 1.1.2023 parteimässig zusammen? - Gemeindeexekutive ohne Präsident/-in - GPS - Männer,continuous,numeric-40.0,Wie setzt sich die Gemeindeexekutive (inkl. Präsidenten/-in) am 1.1.2023 parteimässig zusammen? - Gemeindeexekutive ohne Präsident/-in - GPS - Männer,Comment sont partiellement constitués les administrateurs municipaux (y compris les présidents) le 1.1.2023? - Administrateurs municipaux sans présidents - GPS - Hommes,Come sono i dirigenti municipali (incluendo i presidenti) partialmente costituiti il 1.1.2023? - dirigenti municipali senza presidenti - GPS - uomini,Translation not available for the moment,How are the municipal executives (including presidents) partially constituted on 1.1.2023? - Municipal executives without presidents - GPS - Men
"GSB23_Q44_1
_11_2","GSB23_Q44_1
_11_2",GSB23,Q44,"1
_11_2",2023,44. Wie setzt sich die Gemeindeexekutive (inkl. Präsidenten/-in) am 1.1.2023 parteimässig zusammen? - Gemeindeexekutive ohne Präsident/-in - GPS - Frauen,continuous,numeric-40.0,Wie setzt sich die Gemeindeexekutive (inkl. Präsidenten/-in) am 1.1.2023 parteimässig zusammen? - Gemeindeexekutive ohne Präsident/-in - GPS - Frauen,Comment les cadres municipaux (y compris les présidents) sont-ils partiellement constitués le 1.1.2023? - Les cadres municipaux sans présidents - GPS - Femmes,Come sono i dirigenti municipali (incluendo i presidenti) partialmente costituiti dal 1.1.2023? - dirigenti municipali senza presidenti - GPS - donne,Translation not available for the moment,How are the municipal executives (including presidents) partially constituted on 1.1.2023? - Municipal executives without presidents - GPS - Women
"GSB23_Q44_1
_12_1","GSB23_Q44_1
_12_1",GSB23,Q44,"1
_12_1",2023,44. Wie setzt sich die Gemeindeexekutive (inkl. Präsidenten/-in) am 1.1.2023 parteimässig zusammen? - Gemeindeexekutive ohne Präsident/-in - Lega - Männer,continuous,numeric-40.0,Wie setzt sich die Gemeindeexekutive (inkl. Präsidenten/-in) am 1.1.2023 parteimässig zusammen? - Gemeindeexekutive ohne Präsident/-in - Lega - Männer,Comment sont partiellement constitués les administrateurs municipaux (y compris les présidents) le 1.1.2023? - Administrateurs municipaux sans présidents - Lega - Hommes,Come sono partialmente eletti i dirigenti municipali (incluendo i presidenti) dal 1.1.2023? - I dirigenti municipali senza presidenti - Lega - uomini,Translation not available for the moment,How are the municipal executives (including presidents) partially constituted on 1.1.2023? - Municipal executives without presidents - Lega - Men
"GSB23_Q44_1
_12_2","GSB23_Q44_1
_12_2",GSB23,Q44,"1
_12_2",2023,44. Wie setzt sich die Gemeindeexekutive (inkl. Präsidenten/-in) am 1.1.2023 parteimässig zusammen? - Gemeindeexekutive ohne Präsident/-in - Lega - Frauen,continuous,numeric-40.0,Wie setzt sich die Gemeindeexekutive (inkl. Präsidenten/-in) am 1.1.2023 parteimässig zusammen? - Gemeindeexekutive ohne Präsident/-in - Lega - Frauen,Comment sont partiellement constitués les cadres municipaux (y compris les présidents) le 1.1.2023? - Les cadres municipaux sans présidents - Lega - Femmes,Come sono partialmente eletti i dirigenti municipali (incluendo i presidenti) dal 1.1.2023? - I dirigenti municipali senza presidenti - Lega - donne,Translation not available for the moment,How are the municipal executives (including presidents) partially constituted on 1.1.2023? - Municipal executives without presidents - Lega - Women
"GSB23_Q44_1
_13_1","GSB23_Q44_1
_13_1",GSB23,Q44,"1
_13_1",2023,44. Wie setzt sich die Gemeindeexekutive (inkl. Präsidenten/-in) am 1.1.2023 parteimässig zusammen? - Gemeindeexekutive ohne Präsident/-in - andere Parteien - Männer,continuous,numeric-40.0,Wie setzt sich die Gemeindeexekutive (inkl. Präsidenten/-in) am 1.1.2023 parteimässig zusammen? - Gemeindeexekutive ohne Präsident/-in - andere Parteien - Männer,Comment les administrateurs municipaux (y compris le président) forment-ils un parti le 1.1.2023? - Administrateurs municipaux sans le président - autres partis - hommes,Come formano i dirigenti municipali (incluendo il presidente) un partito il 1.1.2023? - dirigenti municipali senza il presidente - altri parti - uomini,Translation not available for the moment,How do the municipal executives (including the president) form a party on 1.1.2023? - Municipal executives without the president - other parties - men
"GSB23_Q44_1
_14_1","GSB23_Q44_1
_14_1",GSB23,Q44,"1
_14_1",2023,44. Wie setzt sich die Gemeindeexekutive (inkl. Präsidenten/-in) am 1.1.2023 parteimässig zusammen? - Gemeindeexekutive ohne Präsident/-in - parteilos - Männer,continuous,numeric-40.0,Wie setzt sich die Gemeindeexekutive (inkl. Präsidenten/-in) am 1.1.2023 parteimässig zusammen? - Gemeindeexekutive ohne Präsident/-in - parteilos - Männer,Comment sont partiellement constitués les administrateurs municipaux (y compris les présidents) le 1.1.2023? - Administrateurs municipaux sans présidents - non partisans - hommes,Come sono i dirigenti municipali (incluendo i presidenti) partialmente costituiti il 1.1.2023? - dirigenti municipali senza presidenti - non-partizanti - uomini,Translation not available for the moment,How are the municipal executives (including presidents) partially constituted on 1.1.2023? - Municipal executives without presidents - non-partisan - men
"GSB23_Q44_1
_14_2","GSB23_Q44_1
_14_2",GSB23,Q44,"1
_14_2",2023,44. Wie setzt sich die Gemeindeexekutive (inkl. Präsidenten/-in) am 1.1.2023 parteimässig zusammen? - Gemeindeexekutive ohne Präsident/-in - parteilos - Frauen,continuous,numeric-40.0,Wie setzt sich die Gemeindeexekutive (inkl. Präsidenten/-in) am 1.1.2023 parteimässig zusammen? - Gemeindeexekutive ohne Präsident/-in - parteilos - Frauen,Comment les dirigeants municipaux (y compris les présidents) forment-ils un parti le 1.1.2023? - Les dirigeants municipaux sans président - sans parti - femmes,Come formano i dirigenti municipali (incluendo i presidenti) un partito il 1.1.2023? - dirigenti municipali senza presidente - senza partito - donne,Translation not available for the moment,How do the municipal executives (including the presidents) form a party on 1.1.2023? - Municipal executives without a president - without a party - women
"GSB23_Q44_1
_15_1","GSB23_Q44_1
_15_1",GSB23,Q44,"1
_15_1",2023,44. Wie setzt sich die Gemeindeexekutive (inkl. Präsidenten/-in) am 1.1.2023 parteimässig zusammen? - Gemeindeexekutive ohne Präsident/-in - Orts- und Gemeindevereine - Männer,continuous,numeric-40.0,Wie setzt sich die Gemeindeexekutive (inkl. Präsidenten/-in) am 1.1.2023 parteimässig zusammen? - Gemeindeexekutive ohne Präsident/-in - Orts- und Gemeindevereine - Männer,Comment sont partiellement constitués les administrateurs municipaux (y compris les présidents) le 1.1.2023? - Administrateurs municipaux sans présidents - Associations locales et municipales - Hommes,Come sono i dirigenti municipali (incluendo i presidenti) partialmente costituiti il 1.1.2023? - dirigenti municipali senza presidenti - associazioni locali e municipali - uomini,Translation not available for the moment,How are the municipal executives (including presidents) partially constituted on 1.1.2023? - Municipal executives without presidents - Local and municipal associations - Men
"GSB23_Q44_1
_15_2","GSB23_Q44_1
_15_2",GSB23,Q44,"1
_15_2",2023,44. Wie setzt sich die Gemeindeexekutive (inkl. Präsidenten/-in) am 1.1.2023 parteimässig zusammen? - Gemeindeexekutive ohne Präsident/-in - Orts- und Gemeindevereine - Frauen,continuous,numeric-40.0,Wie setzt sich die Gemeindeexekutive (inkl. Präsidenten/-in) am 1.1.2023 parteimässig zusammen? - Gemeindeexekutive ohne Präsident/-in - Orts- und Gemeindevereine - Frauen,Comment les dirigeants municipaux (y compris les présidents) se réunissent-ils partiellement le 1.1.2023? - Les dirigeants municipaux sans le président - Les associations locales et municipales - Les femmes,Come si riuniscono in parte i dirigenti municipali (incluendo i presidenti) il 1.1.2023? - dirigenti municipali senza il presidente - associazioni locali e municipali - donne,Translation not available for the moment,How do the municipal executives (including the presidents) meet partially on 1.1.2023? - Municipal executives without the president - Local and municipal associations - Women
"GSB23_Q44_1
_16_1","GSB23_Q44_1
_16_1",GSB23,Q44,"1
_16_1",2023,44. Wie setzt sich die Gemeindeexekutive (inkl. Präsidenten/-in) am 1.1.2023 parteimässig zusammen? - Gemeindeexekutive ohne Präsident/-in - Wählervereinigungen - Männer,continuous,numeric-40.0,Wie setzt sich die Gemeindeexekutive (inkl. Präsidenten/-in) am 1.1.2023 parteimässig zusammen? - Gemeindeexekutive ohne Präsident/-in - Wählervereinigungen - Männer,Comment sont partiellement constitués les administrateurs municipaux (y compris les présidents) le 1.1.2023? - Administrateurs municipaux sans présidents - Associations électorales - Hommes,Come sono partialmente eletti i dirigenti municipali (incluendo i presidenti) dal 1.1.2023? - I dirigenti municipali senza presidenti - Le associazioni elettriche - Uomini,Translation not available for the moment,How are the municipal executives (including presidents) partially constituted on 1.1.2023? - Municipal executives without presidents - Election associations - Men
"GSB23_Q44_1
_16_2","GSB23_Q44_1
_16_2",GSB23,Q44,"1
_16_2",2023,44. Wie setzt sich die Gemeindeexekutive (inkl. Präsidenten/-in) am 1.1.2023 parteimässig zusammen? - Gemeindeexekutive ohne Präsident/-in - Wählervereinigungen - Frauen,continuous,numeric-40.0,Wie setzt sich die Gemeindeexekutive (inkl. Präsidenten/-in) am 1.1.2023 parteimässig zusammen? - Gemeindeexekutive ohne Präsident/-in - Wählervereinigungen - Frauen,Comment les dirigeants municipaux (y compris les présidents) forment-ils un parti le 1.1.2023? - Les dirigeants municipaux sans président - Associations électorales - Femmes,Come formano i dirigenti municipali (incluendo i presidenti) un partito il 1.1.2023? - I dirigenti municipali senza presidente - Le associazioni dei votanti - Le donne,Translation not available for the moment,How do the municipal executives (including the presidents) form a party on 1.1.2023? - Municipal executives without a president - Voter associations - Women
"GSB23_Q44_1
_17_1","GSB23_Q44_1
_17_1",GSB23,Q44,"1
_17_1",2023,44. Wie setzt sich die Gemeindeexekutive (inkl. Präsidenten/-in) am 1.1.2023 parteimässig zusammen? - Gemeindeexekutive ohne Präsident/-in - Grün- alternative Gruppierungen - Männer,continuous,numeric-40.0,Wie setzt sich die Gemeindeexekutive (inkl. Präsidenten/-in) am 1.1.2023 parteimässig zusammen? - Gemeindeexekutive ohne Präsident/-in - Grün- alternative Gruppierungen - Männer,Comment les dirigeants municipaux (y compris les présidents) sont-ils partiellement organisés le 1.1.2023? - Les dirigeants municipaux sans présidents - Groupes de rechange verts - Hommes,Come sono organizzati in parte gli amministratori municipali (incluendo i presidenti) dal 1.1.2023? - Amministratori municipali senza presidenti - Gruppi alternativi verdi - uomini,Translation not available for the moment,How are the municipal executives (including presidents) organised partially on 1.1.2023? - Municipal executives without presidents - Green alternative groups - Men
"GSB23_Q44_1
_17_2","GSB23_Q44_1
_17_2",GSB23,Q44,"1
_17_2",2023,44. Wie setzt sich die Gemeindeexekutive (inkl. Präsidenten/-in) am 1.1.2023 parteimässig zusammen? - Gemeindeexekutive ohne Präsident/-in - Grün- alternative Gruppierungen - Frauen,continuous,numeric-40.0,Wie setzt sich die Gemeindeexekutive (inkl. Präsidenten/-in) am 1.1.2023 parteimässig zusammen? - Gemeindeexekutive ohne Präsident/-in - Grün- alternative Gruppierungen - Frauen,Comment les cadres municipaux (y compris les présidents) sont-ils partiellement organisés le 1.1.2023? - Les cadres municipaux sans présidents - Les groupes de rechange verts - Les femmes,Come si organizzano in parte i dirigenti municipali (incluendo i presidenti) dal 1.1.2023? - dirigenti municipali senza presidenti - gruppi alternativi verdi - donne,Translation not available for the moment,How are the municipal executives (including presidents) organised partially on 1.1.2023? - Municipal executives without presidents - Green alternative groups - Women
"GSB23_Q44_1
_18_1","GSB23_Q44_1
_18_1",GSB23,Q44,"1
_18_1",2023,44. Wie setzt sich die Gemeindeexekutive (inkl. Präsidenten/-in) am 1.1.2023 parteimässig zusammen? - Gemeindeexekutive ohne Präsident/-in - andere politische Gruppierungen - Männer,continuous,numeric-40.0,Wie setzt sich die Gemeindeexekutive (inkl. Präsidenten/-in) am 1.1.2023 parteimässig zusammen? - Gemeindeexekutive ohne Präsident/-in - andere politische Gruppierungen - Männer,Comment sont partiellement constitués les administrateurs municipaux (y compris les présidents) le 1.1.2023? - Administrateurs municipaux sans présidents - autres groupes politiques - hommes,Come sono i dirigenti municipali (incluendo i presidenti) partialmente costituiti il 1.1.2023? - dirigenti municipali senza presidenti - altri gruppi politici - uomini,Translation not available for the moment,How are the municipal executives (including presidents) partially constituted on 1.1.2023? - Municipal executives without presidents - other political groups - men
"GSB23_Q44_1
_18_2","GSB23_Q44_1
_18_2",GSB23,Q44,"1
_18_2",2023,44. Wie setzt sich die Gemeindeexekutive (inkl. Präsidenten/-in) am 1.1.2023 parteimässig zusammen? - Gemeindeexekutive ohne Präsident/-in - andere politische Gruppierungen - Frauen,continuous,numeric-40.0,Wie setzt sich die Gemeindeexekutive (inkl. Präsidenten/-in) am 1.1.2023 parteimässig zusammen? - Gemeindeexekutive ohne Präsident/-in - andere politische Gruppierungen - Frauen,Comment les dirigeants municipaux (y compris les présidents) se réunissent-ils partiellement le 1.1.2023? - Les dirigeants municipaux sans le président - autres groupes politiques - femmes,Come si riuniscono in parte i dirigenti municipali (incluendo i presidenti) il 1.1.2023? - dirigenti municipali senza il presidente - altri gruppi politici - donne,Translation not available for the moment,How do the municipal executives (including the presidents) meet partially on 1.1.2023? - Municipal executives without the president - other political groups - women
GSB23_Q51_1,GSB23_Q51_1,GSB23,Q51,1,2023,51. Welche Führungsaufgaben hat der/ die Gemeindepräsident/-in? - er/sie führt den/die Gemeindeschreiber/-in als Linienvorgesetzte/r,continuous,numeric-40.0,Welche Führungsaufgaben hat der/ die Gemeindepräsident/-in? - er/sie führt den/die Gemeindeschreiber/-in als Linienvorgesetzte/r,Quelles sont les responsabilités de direction du président municipal? - il dirige les administrateurs municipaux en tant que gestionnaires de ligne,Quali sono le responsabilità di leadership del presidente municipale? - guida gli addetti municipali come manager di linee.,Translation not available for the moment,What are the leadership responsibilities of the municipal president? - he/she leads the municipal scribes as line managers
GSB23_Q53_1,GSB23_Q53_1,GSB23,Q53,1,2023,"53. Welche Führungsaufgaben haben die übrigen Mitglieder der Gemeindeexekutive in Ihrer Gemeinde hauptsächlich? - sie führen Verwaltungskader
und/oder -personal als Linienvorgesetzte",continuous,numeric-40.0,"Welche Führungsaufgaben haben die übrigen Mitglieder der Gemeindeexekutive in Ihrer Gemeinde hauptsächlich? - sie führen Verwaltungskader
und/oder -personal als Linienvorgesetzte",Quelles sont les responsabilités en matière de leadership des membres restants des cadres de la collectivité dans votre collectivité? - ils dirigent les conseils administratifs et/ou - le personnel en tant que cadres supérieurs,Quali sono le responsabilità di leadership dei membri restanti dei dirigenti della comunità nella vostra comunità? - guidano i comitati di amministrazione e/o - il personale come dirigenti senior,Translation not available for the moment,What are the leadership responsibilities of the remaining members of the community executives in your community? - they lead administrative boards and/or - personnel as senior managers
GSB23_Q59_1,GSB23_Q59_1,GSB23,Q59,1,2023,59. Welche Kriterien waren bei Ihrer Anstellung als Gemeindeschreiberin respektive Gemeindeschreiber bedeutungsvoll? - Berufserfahrung im Bereich Gemeinden,continuous,numeric-40.0,Welche Kriterien waren bei Ihrer Anstellung als Gemeindeschreiberin respektive Gemeindeschreiber bedeutungsvoll? - Berufserfahrung im Bereich Gemeinden,Quels critères étaient pertinents pour votre emploi comme écrivain communautaire ou écrivain communautaire? - Expérience professionnelle dans le domaine des municipalités,Quali criteri erano rilevanti per il vostro lavoro come scrittore di comunità o scrittore di comunità? - esperienza professionale nel campo delle municipalità,Translation not available for the moment,What criteria were relevant to your employment as a community writer or community writer? - Professional experience in the area of municipalities
GSB23_Q60_1,GSB23_Q60_1,GSB23,Q60,1,2023,60. Wem fühlen Sie sich bei der Erfüllung Ihrer Aufgaben wie stark verpflichtet? - der Einwohnerschaft,continuous,numeric-40.0,Wem fühlen Sie sich bei der Erfüllung Ihrer Aufgaben wie stark verpflichtet? - der Einwohnerschaft,À qui êtes-vous fortement attachés dans l'exécution de vos tâches? - les habitants,A chi vi sentite fortemente impegnati nell'accomprendere le vostre attività? - i residenti,Translation not available for the moment,To whom do you feel strongly committed in the performance of your tasks? - the inhabitants
GSB23_Q65_1,GSB23_Q65_1,GSB23,Q65,1,2023,65. Welchen der folgenden politischen Parteien und politischen Gruppierungen stehen Sie nahe? - FDP. Die Liberalen,continuous,numeric-40.0,Welchen der folgenden politischen Parteien und politischen Gruppierungen stehen Sie nahe? - FDP. Die Liberalen,Quels des partis et groupes politiques suivants vous sont proches? - FDP. Les libéraux,Quali dei partiti e dei gruppi politici che vi sono vicini? - FDP. The Liberals,Translation not available for the moment,Which of the following political parties and political groups are close to you? - FDP. The Liberals
GSB23_Mode,GSB23_Mode,GSB23,Mode,,2023,Teilnahme-Modus,discrete,numeric-40.0,Teilnahme-Modus,Mode de participation,Il modo di partecipazione,Translation not available for the moment,Participation mode
GSB23_StartDate,GSB23_StartDate,GSB23,StartDate,,2023,Start Date,discrete,character-20,Start Date,Date de début,Date di partenza,Translation not available for the moment,Start Date
GSB23_EndDate,GSB23_EndDate,GSB23,EndDate,,2023,End Date,discrete,character-20,End Date,Date de clôture,Termino,Translation not available for the moment,End Date
GSB23_Progress,GSB23_Progress,GSB23,Progress,,2023,Progress,continuous,numeric-40.2,Progress,Progrès accomplis,Progresso,Translation not available for the moment,Progress
GSB23_Duration,GSB23_Duration,GSB23,Duration,,2023,Duration (in seconds),continuous,numeric-40.2,Duration (in seconds),Durée (en secondes),Duration (in secondi),Translation not available for the moment,Duration (in seconds)
GSB23_Finished,GSB23_Finished,GSB23,Finished,,2023,Finished,discrete,numeric-40.0,Finished,Finifié,Finito.,Translation not available for the moment,Finished
GSB23_Recorded,GSB23_Recorded,GSB23,Recorded,,2023,Recorded Date,discrete,character-20,Recorded Date,Dossier enregistré,File registrati,Translation not available for the moment,Recorded file
GSB23_UserLang,GSB23_UserLang,GSB23,UserLang,,2023,User Language,discrete,character-200,User Language,Langue de l'utilisateur,Langue usate,Translation not available for the moment,User language
GSB23_Q99,GSB23_Q99,GSB23,Q99,,2023,In welchem Kanton liegt Ihre Gemeinde?,continuous,numeric-40.0,In welchem Kanton liegt Ihre Gemeinde?,Dans quel canton se trouve votre municipalité?,In quale cantono si trova la vostra municipalità?,Translation not available for the moment,In which canton is your municipality located?
GSB23_Q100,GSB23_Q100,GSB23,Q100,,2023,"In welcher Gemeinde sind Sie tätig? (falls Sie Ihre Gemeinde nicht finden, wählen Sie ""andere Gemeinde"") - Gemeinde",continuous,numeric-40.0,"In welcher Gemeinde sind Sie tätig? (falls Sie Ihre Gemeinde nicht finden, wählen Sie ""andere Gemeinde"") - Gemeinde","Dans quelle municipalité êtes-vous actif? (si vous ne pouvez pas trouver votre municipalité, choisissez « autre municipalité ») - Municipalité","In quale municipalità siete attivi? (se non trovate la vostra municipalità, scegliete ""altra municipalità"") - Municipalità",Translation not available for the moment,"In which municipality are you active? (if you cannot find your municipality, choose ""other municipality"") - Municipality"
GSB23_Q101,GSB23_Q101,GSB23,Q101,,2023,"Falls Sie Ihre Gemeinde nicht gefunden haben, geben Sie hier bitte den Namen Ihrer Gemeinde und den Kanton an.",discrete,character-200,"Falls Sie Ihre Gemeinde nicht gefunden haben, geben Sie hier bitte den Namen Ihrer Gemeinde und den Kanton an.","Si vous n'avez pas trouvé votre municipalité, veuillez entrer ici le nom de votre municipalité et le canton.","Se non avete trovato la vostra municipalità, inserite qui il nome della vostra municipalità e del canton.",Translation not available for the moment,"If you have not found your municipality, please enter here the name of your municipality and the canton."
